Dealer Name,OEM Brand,City,State/Province,Street Address,Phone Number,Website,Branches in Territory,Source URL
Peterson Cat,Caterpillar,Clackamas,OR,"9550 SE Clackamas Rd, Clackamas, OR 97015",(503) 280-1899,https://www.petersoncat.com,7,https://www.petersoncat.com/about/locations
Peterson Cat - Eugene,Caterpillar,Eugene,OR,"2300 Henderson Avenue, Eugene, OR 97403",(541) 302-9199,https://www.petersoncat.com,7,https://www.petersoncat.com/about/locations
Peterson Cat - Albany,Caterpillar,Albany,OR,"30815 Highway 34 SW, Albany, OR 97321",(541) 791-9133,https://www.petersoncat.com,7,https://www.petersoncat.com/about/locations
NC Machinery,Caterpillar,Anchorage,AK,"6450 Arctic Boulevard, Anchorage, AK 99518",(907) 786-7500,https://www.ncmachinery.com,6,https://www.ncmachinery.com/about-us/locations/
NC Machinery (WA HQ),Caterpillar,Seattle,WA,"Serves western & central Washington and all Alaska",800-478-7000,https://www.ncmachinery.com,6,https://www.ncmachinery.com/about-us/locations/
Wagner Equipment Co. (HQ),Caterpillar,Aurora,CO,"18000 Smith Road, Aurora, CO 80011",(303) 739-3000,https://wagnerequipment.com,12,https://wagnerequipment.com/dealer-locations/
Wagner Equipment Co. - Albuquerque,Caterpillar,Albuquerque,NM,"4000 Osuna Road NE, Albuquerque, NM 87109",(505) 345-8411,https://wagnerequipment.com,12,https://wagnerequipment.com/dealer-locations/
Wagner Equipment Co. - Grand Junction,Caterpillar,Grand Junction,CO,"2322 I-70 Frontage Road, Grand Junction, CO",(970) 579-4139,https://wagnerequipment.com,12,https://wagnerequipment.com/dealer-locations/
Ziegler Cat (HQ),Caterpillar,Bloomington,MN,"901 W 94th Street, Bloomington, MN 55420",(952) 888-4121,https://www.zieglercat.com,25,https://www.zieglercat.com/contact/minneapolis/
Michigan CAT / MacAllister (HQ),Caterpillar,Novi,MI,"24800 Novi Road, Novi, MI 48375",(248) 349-4800,https://www.michigancat.com,9,https://www.michigancat.com/about/locations/
Michigan CAT - Grand Rapids,Caterpillar,Grand Rapids,MI,"7700 Caterpillar Drive, Grand Rapids, MI 49548",(616) 827-8000,https://www.michigancat.com,9,https://www.michigancat.com/about/locations/
Michigan CAT - Saginaw,Caterpillar,Saginaw,MI,"3141 Wolf Road, Saginaw, MI 49601",(989) 752-7300,https://www.michigancat.com,9,https://www.michigancat.com/about/locations/
Gregory Poole (HQ),Caterpillar,Raleigh,NC,"701 Blue Ridge Road, Raleigh, NC 27602",(800) 447-3125,https://www.gregorypoole.com,25,https://www.gregorypoole.com/sales-reps-locations/locations/
Gregory Poole - Hope Mills,Caterpillar,Hope Mills,NC,"5633 US Highway 301 South, Hope Mills, NC 28348",(888) 646-7368,https://www.gregorypoole.com,25,https://www.gregorypoole.com/sales-reps-locations/locations/
Carter Machinery (VA HQ),Caterpillar,Salem,VA,"Serving VA, MD, DE, and Washington DC",(888) 344-7368,https://www.cartermachinery.com,15,https://www.cartermachinery.com/locations/
Carter Machinery - Chesapeake,Caterpillar,Chesapeake,VA,"3420 Business Center Drive, Chesapeake, VA 23323",(888) 344-7368,https://www.cartermachinery.com,15,https://www.cartermachinery.com/locations/
Carter Machinery - Myersville,Caterpillar,Myersville,MD,"9460 Myersville Rd, Myersville, MD",(888) 344-7368,https://www.cartermachinery.com,15,https://www.cartermachinery.com/locations/myersville-md-sales/
Carter Machinery - Baltimore,Caterpillar,Baltimore,MD,"8427 Pulaski Hwy, Baltimore, MD",(888) 344-7368,https://www.cartermachinery.com,15,https://www.cartermachinery.com/locations/baltimore-md/
Thompson Machinery (HQ),Caterpillar,La Vergne,TN,"1245 Bridgestone Parkway, La Vergne, TN 37086",(615) 744-7842,https://thompsonmachinery.com,19,https://thompsonmachinery.com/contact-us/locations/
Thompson Machinery - Memphis,Caterpillar,Memphis,TN,"1291 Corporate Avenue, Memphis, TN 38132",(901) 332-3051,https://thompsonmachinery.com,19,https://thompsonmachinery.com/contact-us/locations/
Louisiana Cat (HQ),Caterpillar,Reserve,LA,"3799 W Airline Highway, Reserve, LA 70084",(866) 843-7440,https://www.louisianacat.com,10,https://www.louisianacat.com/our-company/locations/
Louisiana Cat - Hammond,Caterpillar,Hammond,LA,"42440 Jackson Rd, Hammond, LA 70403",(985) 340-2820,https://www.louisianacat.com,10,https://www.louisianacat.com/company/locations/louisiana-cat-hammond/
Warren CAT - Oklahoma City,Caterpillar,Oklahoma City,OK,"4501 West Reno Avenue, Oklahoma City, OK 73127",(405) 947-6771,https://www.warrencat.com,8,https://www.warrencat.com/locations/
Warren CAT - Tulsa,Caterpillar,Tulsa,OK,"3601 N Garnett Rd, Tulsa, OK 74116",(918) 660-2353,https://www.warrencat.com,8,https://www.warrencat.com/locations/
Empire Cat (HQ),Caterpillar,Mesa,AZ,"1725 S Country Club Dr, Mesa, AZ 85210",(480) 633-4000,https://www.empire-cat.com,30,https://www.empire-cat.com/locations
Wheeler Machinery (HQ),Caterpillar,Salt Lake City,UT,"4901 W 2100 South, Salt Lake City, UT 84101",(801) 974-0511,https://wheelercat.com,11,https://wheelercat.com/about/locations/
Wheeler Machinery - Ogden,Caterpillar,Ogden,UT,"2366 South 1900 West, Ogden, UT 84401",(801) 732-9100,https://wheelercat.com,11,https://wheelercat.com/about/locations/
Hawthorne Cat - Waipahu,Caterpillar,Waipahu,HI,"94-025 Farrington Highway, Waipahu, HI 96797",(808) 677-9111,https://www.hawthornecat.com,4,https://www.hawthornecat.com/contact/hawaii-waipahu/
PacWest Machinery (HQ),Volvo CE,Kent,WA,"8207 South 216th Street, Kent, WA 98032",(206) 762-5933,https://www.pacwestmachinery.com,6,https://www.pacwestmachinery.com/locations/
PacWest Machinery - Spokane,Volvo CE,Spokane Valley,WA,"Spokane Valley, WA 99216",(509) 534-5933,https://www.pacwestmachinery.com,6,https://www.pacwestmachinery.com/locations/
PacWest Machinery - Portland,Volvo CE,Portland,OR,"Portland, OR 97230",(503) 252-5933,https://www.pacwestmachinery.com,6,https://www.pacwestmachinery.com/locations/
Ascendum Machinery (HQ),Volvo CE,Charlotte,NC,"11425 Reames Rd, Charlotte, NC 28269",(704) 596-8283,https://www.ascendummachinery.com,15,https://www.ascendummachinery.com/ascendum/contact-locations/
Ascendum Machinery - Columbia,Volvo CE,Cayce,SC,"2303 Airport Blvd, Cayce, SC 29033",(803) 791-0740,https://www.ascendummachinery.com,15,https://www.ascendummachinery.com/ascendum/contact-locations/
Ascendum Machinery - Piedmont,Volvo CE,Piedmont,SC,"407 Oak Road, Piedmont, SC 29673",(864) 704-1060,https://www.ascendummachinery.com,15,https://www.ascendummachinery.com/ascendum/contact-locations/
ROMCO Equipment (HQ),Volvo CE,Carrollton,TX,"1519 West Belt Line Road, Carrollton, TX 75006",(214) 819-4100,https://www.romco.com,17,https://www.romco.com/branch-locator/
Alta Equipment - Byron Center,Volvo CE,Byron Center,MI,"8840 Byron Commerce Drive SW, Byron Center, MI 49315",(616) 878-7450,https://altg.com,20,https://altg.com/locations/
Hoffman Equipment - Piscataway,Volvo CE,Piscataway,NJ,"300 South Randolphville Road, Piscataway, NJ 08854",(866) 561-9913,https://hoffmanequip.com,5,https://hoffmanequip.com/locations/
Hoffman Equipment - Deptford,Volvo CE,Deptford,NJ,"1330 Hurfville Road, Deptford, NJ 08096",(856) 227-6400,https://hoffmanequip.com,5,https://hoffmanequip.com/locations/
Tyler Equipment (HQ),Volvo CE,East Longmeadow,MA,"251 Shaker Road, East Longmeadow, MA 01028",(413) 525-6351,https://www.tylerequipment.com,3,https://www.tylerequipment.com/dealer-info/locations/
Tyler Equipment - Berlin,Volvo CE,Berlin,CT,"1980 Berlin Turnpike, Berlin, CT 06037",(860) 356-0840,https://www.tylerequipment.com,3,https://www.tylerequipment.com/dealer-info/locations/
Arnold Machinery,Volvo CE,Salt Lake City,UT,"2975 West 2100 South, Salt Lake City, UT 84119",(801) 972-4000,https://arnoldmachinery.com,8,https://arnoldmachinery.com/volvoce/
Nors Construction Equipment (Canada),Volvo CE,Mississauga,ON,"1640 Enterprise Rd, Mississauga, ON L4W 4L4",N/A,https://construction-equipment-st.nors.com,22,https://www.volvoce.com/united-states/en-us/contact-us/dealer-locator/
Nors Construction Equipment (Canada - Calgary),Volvo CE,Calgary,AB,"Calgary, AB",N/A,https://construction-equipment-gw.nors.com,22,https://construction-equipment-gw.nors.com/locations/heavy-equipment-dealer-calgary/
