organization_name,type,hq_address,hq_city,hq_state,country,main_phone,email,website,annual_budget_usd,fleet_size,electric_equipment_status,ze_mandates,charging_infrastructure,energy_broker_priority,source_urls
"Port of Los Angeles (City of Los Angeles Harbor Department)",Port Authority,"425 S Palos Verdes St",San Pedro,CA,US,"(310) 732-3508",contactus@portla.org,https://www.portoflosangeles.org,"$3.4B (FY2026/27)","83 ship-to-shore cranes; ~1932 pieces cargo-handling equipment across 25 terminals","103 ZE drayage trucks deployed with 247 more on order; 44 battery-electric forklifts at Berth 55 (SSA Marine); $412M EPA grant to electrify 400 diesel CHE units; $500M grid upgrade underway","All drayage trucks ZE by 2035; CARB Zero-Emission California Ports (ZECAP) mandate; Clean Truck Fund collecting ~$123M since 2022","Expanding charging depots across terminals; $500M electrical grid upgrade; multiple charging/fueling depot investments from $93M CTF allocation",Tier 1 - Critical,"https://portoflosangeles.org/about/contact; https://portoflosangeles.org/references/2026-news-releases/news_061126_budget; https://www.electrive.com/2025/05/12/ssa-marine-switches-to-battery-electric-forklift-fleet-at-port-of-los-angeles/"
"Port of Long Beach (Long Beach Harbor Department)",Port Authority,"415 W Ocean Blvd",Long Beach,CA,US,"(562) 283-7000",billing@polb.com,https://www.polb.com,"$1.05B (FY2026)","~100 electric automated cranes (LBCT); 72 electric stacking cranes; 300+ rolling stock at LBCT; 33 battery-electric yard tractors at SSA Pier C","$58.2M allocated for 61 ZE cargo-handling units + 21 chargers; 33 battery-electric yard tractors deployed; $383M PFIP grant for ZE projects; $200M+ for ZE CHE via SWIFT","CARB ZECAP mandate; goal to become world's first ZE port; 300 pieces rolling stock to be replaced with ZE equipment by 2030","21 charging units funded in latest allocation; expanding depot-level charging; LBCT building comprehensive charging network for 300 EVs",Tier 1 - Critical,"https://polb.com/port-info/contact-us/; https://www.worldcargonews.com/news/2026/06/port-of-long-beach-assigns-us58-2m-for-zero-emission-equipment-rollout/; https://www.randomlengthsnews.com/archives/2026/06/30/383-million-port-investment/76318/amp"
"Port Authority of New York and New Jersey",Port Authority,"4 World Trade Center",New York,NY,US,"(212) 435-2426",N/A (web contact form),https://www.panynj.gov,"$9.4B (proposed FY2025); Revenue $2.3B","1700+ ZE ground service equipment at airports (baggage tugs; pushback tractors; belt loaders); light-duty vehicle fleet 50% electric","50% light-duty fleet already electric; 1700+ ZE ground service equipment in use; $45B 10-year capital plan (2026-2035) includes electrification","100% light-duty EV fleet by 2028; 50% direct GHG reduction by 2030; sustainability requirements embedded in airline/terminal agreements","300+ charging ports across all Port Authority facilities; continuing expansion to support 100% light-duty EV goal",Tier 1 - Critical,"https://www.panynj.gov/corporate/en/financial-information/budget.html; https://www.ajot.com/news/port-authority-of-nynj-proposes-9.4-billion-budget-for-2025; https://njbmagazine.com/njb-news-now/port-authority-approves-record-45-billion-capital-plan-for-2026-2035/"
"Georgia Ports Authority (Port of Savannah)",Port Authority,"2 Main St",Garden City,GA,US,"(912) 964-3811",N/A (customer service: (912) 963-5526),https://www.gaports.com,"Revenue $698.7M (2026)","Large terminal fleet at Garden City Terminal and Ocean Terminal; ship-to-shore cranes; RTGs; yard tractors; forklifts","$48.8M EPA Clean Ports grant for ZE equipment deployment; shore power system upgrades; DERA-funded diesel equipment replacements ($9M+)","EPA Clean Ports funded projects; no state-level ZE equipment mandate; voluntary emissions reduction commitments","Shore power connection systems being upgraded to allow ships to plug into grid; limited on-terminal ZE charging infrastructure",Tier 2 - High,"https://www.epa.gov/newsreleases/epa-announces-48763746-clean-ports-investments-georgia-ports-authority; https://gaports.com/; https://georgia.gov/contacts/georgia-ports-authority-contact"
"Port Houston (Port of Houston Authority)",Port Authority,"111 East Loop North",Houston,TX,US,"(713) 670-2644",N/A (web contact form),https://www.porthouston.com,"$726M operating + $569M capital (FY2026)","Terminal tractors; cranes; CHE at Bayport and Barbours Cut terminals; 5 new light-duty EVs","First port in Texas to deploy electric terminal tractor; 5 light-duty EVs purchased; early-stage fleet electrification; renewable electricity procurement","Voluntary sustainability goals; no state ZE equipment mandate; focused on renewable energy purchasing","Limited charging infrastructure; early-stage deployment for terminal tractor and light-duty fleet",Tier 2 - High,"https://www.businesswire.com/news/home/20251123207935/en/Port-Houston-Fiscal-Year-2026-Budget-Approved; https://blog.porthouston.com/greening-the-fleet-new-electric-vehicles-arrive-at-port-houston"
"Northwest Seaport Alliance (Port of Seattle/Tacoma)",Port Authority,"P.O. Box 2985",Tacoma,WA,US,"(800) 657-9808",N/A (web contact form),https://www.nwseaportalliance.com,"~$93M revenue (est.); capital budget ~$270M","Yard tractors; ship-to-shore cranes; CHE; drayage truck fleet transitioning","$16M federal grant for 36-58 ZE drayage trucks; $6.2M WSDOT grant for 19 ZE trucks; $5.12M EV charging depot grant to Zeem Solutions; $28M ZE shore power project","Zero Scope 1 & 2 emissions by 2040; Scope 3 emissions zero by 2050; WA state Clean Fuel Standard","Zeem Solutions 250-vehicle/day EV charging depot in SeaTac (70 overnight spots); ZE truck charging infrastructure expanding",Tier 2 - High,"https://www.nwseaportalliance.com/contact; https://www.geekwire.com/2024/seattle-area-ports-vying-for-500m-in-federal-funding-to-add-zero-emissions-tech/; https://www.truckingdive.com/news/northwest-seaport-alliance-grant-funds-ev-charging-depot-zeem-solutions/752846/"
"Port of Oakland",Port Authority,"530 Water St",Oakland,CA,US,"(510) 627-1100",N/A (toll-free: 1-844-625-7678),https://www.portofoakland.com,"$698M (FY2026)","Yard tractors; top handlers; container cranes; forklifts; reach stackers across maritime terminals","$322M state grant for full decarbonization; $119M state grant for electrifying CHE; 40% heavy-duty yard tractors/top handlers targeted electric by 2026; ZE top picks debuted; 60 UPS electric trucks via partnership","CARB ZECAP mandate; 40% heavy-duty electrified by 2026; 75% by 2030; full decarbonization goal","Solar fleet charging facility (Port Power); expanding terminal charging infrastructure; $36.6M MARAD grant partially for infrastructure",Tier 1 - Critical,"https://www.portofoakland.com/about/contact-us; https://www.oaklandseaport.com/projects/zero-emission-future-seaport; https://www.portofoakland.com/port-of-oakland-targets-clean-ports-grant-for-major-zero-emissions-conversion"
"Virginia Port Authority (Port of Virginia)",Port Authority,"600 World Trade Center",Norfolk,VA,US,"(757) 683-8000",N/A (web contact form),https://www.portofvirginia.com,"$608.2M (FY2026)","116 electric stacking cranes; 27 electric ship-to-shore cranes; 4 electric rail cranes; 100+ hybrid shuttle carriers; 100 diesel yard tractors; expanding to 152/31/7 cranes","First East Coast port entirely powered by clean energy; electric yard tractors (MAFI T230e) deployed; Dominion Energy PPA for 100% clean electricity; growing to 152 electric stacking cranes","Carbon neutral by 2040; 100% clean energy power supply achieved; continuing equipment electrification","On-site charging for electric yard tractors; Dominion Energy and Rappahannock Electric Cooperative clean energy supply; grid capacity for expansion",Tier 1 - Critical,"https://www.portofvirginia.com/who-we-are/newsroom/port-continues-progress-on-sustainability-goal-puts-four-all-electric-yard-tractors-into-service/; https://www.renewableenergyworld.com/wind-power/port-of-virginia-becomes-first-east-coast-port-entirely-powered-by-clean-energy/"
"South Carolina Ports Authority (Port of Charleston)",Port Authority,"200 Ports Authority Dr",Mount Pleasant,SC,US,"(843) 577-8786",N/A (web contact form),https://www.scspa.com,"Not publicly disclosed (handles $75B+ in annual commerce)","6 electric RMG cranes at Leatherman Rail Facility; ship-to-shore cranes; RTGs; yard tractors; CHE","6 electric rail-mounted gantry cranes erected at Navy Base Intermodal Facility; $1.3M EPA planning grant for emissions strategy; early-stage electrification","EPA planning grant for hydrogen feasibility and emissions inventory; no state ZE mandate; voluntary emissions reduction","Limited; Leatherman Rail Facility has electric RMG crane power supply; broader charging infrastructure in planning phase",Tier 3 - Moderate,"https://scspa.com/facilities/headquarters/; https://scspa.com/about-the-port/our-impact/environmental-initiatives/; https://www.epa.gov/newsreleases/biden-harris-administration-announces-1325000-clean-ports-investments-south-carolina"
"Vancouver Fraser Port Authority (Port of Vancouver)",Port Authority,"100 The Pointe",Vancouver,BC,Canada,N/A (web contact form),N/A (web contact form),https://www.portvancouver.com,"Revenue $309.9M CAD (2025)","Shore cranes; yard equipment; container handling equipment across 29 major terminals","ELECTRA program: 6 battery-electric container trucks with 5 trucking companies; LED upgrades; EV fleet chargers; Low-Emission Technology Initiative pilot projects","Zero-emission port by 2050; BC Clean Fuel Standard; Transport Canada Net-Zero Emissions framework","BC Hydro EV Fleet Program partnerships; ELECTRA program provides charging infrastructure support; $3M combined funding from Transport Canada and BC",Tier 2 - High,"https://www.portvancouver.com/about/contact; https://www.portvancouver.com/article/building-zero-emission-port-2050; https://electricautonomy.ca/fleets/commercial-electric-vehicles/2026-06-09/port-of-vancouver-ev-truck-project/"
"Montreal Port Authority",Port Authority,"2100 Pierre-Dupuy Ave Wing 1",Montreal,QC,Canada,"+1 514-283-7011",N/A (web contact form),https://www.port-montreal.com,"Revenue $155.4M CAD (2025)","Shore cranes; container handling equipment; 43 shore power connection systems","43 shore power connections installed; green shipping corridor initiative (Montreal-St. Johns); Bickerdike Terminal electrification project","Carbon neutrality by 2050; green shipping corridor commitment","43 shore power connection systems operational; Bickerdike Terminal being converted to electrical power; $187M capital investments in 2025",Tier 3 - Moderate,"https://www.port-montreal.com/en/contact-us; https://www.port-montreal.com/en/the-port-of-montreal/news/news/logbook/beacon-electricity; https://www.newswire.ca/news-releases/annual-meeting-of-the-montreal-port-authority-results-from-2025-operations-building-tomorrow-s-economy-812288143.html"
"Los Angeles County Metropolitan Transportation Authority (LA Metro)",Transit Agency,"1 Gateway Plaza",Los Angeles,CA,US,"(323) 466-3876",N/A (web contact form),https://www.metro.net,"~$9B (FY2026)","2000+ buses (CNG and electric); rail vehicles; major construction fleets for Purple Line; Airport Connector; Regional Connector; Foothill Gold Line","Division 9 first fully electric bus division (Q1 2026); $77.5M federal grant for battery-electric buses; Divisions 18 & 7 next for electrification (400+ charging positions)","All-electric bus fleet commitment; CA Advanced Clean Fleets regulation; Measure M construction program ($120B)","Division 9 fully electrified charging infrastructure; Divisions 18 & 7 creating 400+ charging positions (design 2026-2027; construction 2027-2028)",Tier 1 - Critical,"https://www.metro.net/about/financebudget/; https://budget.metro.net/budget-book.html; https://www.masstransitmag.com/rail/infrastructure/press-release/55240276/la-metro-board-approves-798-million-amendment"
"Metropolitan Transportation Authority (MTA New York)",Transit Agency,"2 Broadway",New York,NY,US,"(718) 330-1234",N/A (web contact form),https://www.mta.info,"$21.4B operating (2026); $68.4B capital plan (2025-2029)","5800 buses; 6418 subway cars; commuter rail fleet; massive construction program (Second Ave Subway Phase 2; Penn Station Access; East Side Access)","$1.1B for 500 electric buses + 8 depot retrofits; 470 ZE buses in procurement for 2025-2026; LIRR Main Line electrification study; 53 overhead chargers installed","100% ZE bus fleet by 2040; all new bus orders ZE by 2029; LIRR and Metro-North electrification initiatives","53 overhead electric bus chargers across Manhattan/Queens/SI/Brooklyn; 67 overhead/cabled dispensers at 5 locations; 11 depot retrofits across 5 boroughs",Tier 1 - Critical,"https://www.mta.info/press-release/mta-releases-proposed-2025-2029-capital-plan; https://www.mta.info/project/zero-emission-bus-fleet; https://www.mta.info/press-release/mta-announces-purchase-of-265-new-zero-emission-buses"
"Bay Area Rapid Transit District (BART)",Transit Agency,"2150 Webster St",Oakland,CA,US,"(510) 464-6000",N/A (web contact form),https://www.bart.gov,"$2.3B ($1.2B operating + $1.1B capital; FY2026)","Fleet of the Future rail cars (1000+ cars); 5 new traction power substations; maintenance vehicles","Inherently electric rail system; Fleet of the Future car procurement (Phase 2 nearing 1000th car); new traction power substations; legacy fleet fully retired 2024","Already electric rail operations; Measure RR-funded system upgrades; new CBTC train control system","Traction power substation upgrades (Civic Center completed; Montgomery 2026; Oakland TBD); 34.5kV cable replacement systemwide",Tier 3 - Moderate,"https://www.bart.gov/about/financials; https://www.bart.gov/contact; https://www.bart.gov/about/projects/substations"
"Washington Metropolitan Area Transit Authority (WMATA)",Transit Agency,"300 7th St SW",Washington,DC,US,"(202) 962-1234",N/A (web contact form),https://www.wmata.com,"$4.957B total (FY2026); $2.4B capital budget","Bus fleet + paratransit vehicles; 1300+ Metrorail cars; maintenance/construction equipment","Bus garage electrification at Northern and Bladensburg (replacement + electrification); Cinder Bed garage electrification; ZE bus acquisitions underway","ZE bus fleet transition commitment; $12.5B six-year capital improvement program; $900M+ Red Line modernization","Depot-level electrification at Northern; Bladensburg; and Cinder Bed garages; bus shelter and electronic display infrastructure upgrades",Tier 2 - High,"https://www.wmata.com/about/news/Metro-Board-of-Directors-approves-FY2026-budget.cfm; https://www.wmata.com/initiatives/plans/; https://www.wmata.com/about/contact/"
"Southeastern Pennsylvania Transportation Authority (SEPTA)",Transit Agency,"1234 Market St",Philadelphia,PA,US,"(215) 580-7800",N/A (web contact form),https://www.septa.org,"$2.5B (FY2026)","~1400 buses (525 hybrid electric arriving); 25 battery-electric ordered; trolleybuses; regional rail fleet; subway/elevated cars","525 hybrid electric buses (largest order); 25 battery-electric buses for Routes 29/79; will be largest East Coast electric bus fleet; $105-140M/year ZE investment 2026-2034","$105-140M annual investment 2026-2034 for ZE fleet transition; CA Advanced Clean Fleets-aligned goals","Bus depot electrification underway (federal infrastructure funding); charging infrastructure for battery-electric fleet at depots serving Routes 29 and 79",Tier 2 - High,"https://wwww.septa.org/news/sep-tainable-annual-report-reaffirms-authoritys-commitment-to-regional-sustainability/; https://whyy.org/articles/philadelphia-septa-bus-depot-upgrades-electric-hybrid-vehicles/; https://wwww.septa.org/news/septa-board-approves-fy26-budget/"
"Chicago Transit Authority (CTA)",Transit Agency,"567 W Lake St",Chicago,IL,US,"1-888-YOUR-CTA (1-888-968-7282)",N/A (web contact form),https://www.transitchicago.com,"$2.23B operating (2026)","1966 buses; 1190 rail cars; maintenance and service vehicles","103rd Garage full electrification funded in 2026 budget; Chicago Garage electrification ongoing; Charging Forward Plan for full electric bus fleet","Electrified bus fleet by 2040 (Charging Forward Plan); 2026 budget funds bus overhauls for 25%+ of fleet","103rd Garage electrification project; Chicago Garage implementation; expanding depot-level charging as part of Charging Forward Plan",Tier 2 - High,"https://www.transitchicago.com/chicago-transit-board-approves-2026-cta-budget/; https://www.gftinc.com/project/zero-emission-fleet-planning-for-the-chicago-transit-authority-cta/; https://www.transitchicago.com/finance/"
"Regional Transportation District (Denver RTD)",Transit Agency,"1660 Blake St",Denver,CO,US,"(303) 299-6000",N/A (web contact form),https://www.rtd-denver.com,"$1.5B (FY2026)","~1000 buses; light rail vehicles; commuter rail fleet; maintenance vehicles","Facilities and Fleet Transition Plan: 300 diesel hybrid electric buses by 2030; 75 battery-electric buses by 2035; current fleet predominantly diesel/CNG","Net zero GHG emissions by 2050; Facilities and Fleet Transition Plan adopted; phased hybrid then BEV approach","Facilities and Fleet Transition Plan includes depot charging infrastructure; early planning stage for BEV charging deployment",Tier 3 - Moderate,"https://www.rtd-denver.com/budget; https://www.rtd-denver.com/about-rtd/projects/facilities-and-fleet-transition-plan; https://www.cpr.org/2024/12/23/rtd-new-fleet-transition-plan-hybrid-electric-buses/"
"Central Puget Sound Regional Transit Authority (Sound Transit)",Transit Agency,"401 S Jackson St",Seattle,WA,US,"(888) 889-6368",main@soundtransit.org,https://www.soundtransit.org,"$3.28B (2026); ~58% for capital construction","240 buses (double-decker; articulated; motorcoach); light rail vehicles; major construction fleets for $34.5B+ ST3 expansion program","2026-2030 Sustainability Plan with measurable climate goals; light rail inherently electric; ST3 expansion adds 62 miles of light rail","2026-2030 Sustainability Plan; WA state Clean Fuel Standard; ST3 voter-approved $54B expansion","Electric light rail infrastructure expanding; Operations and Maintenance Facility South under construction; traction power for new lines",Tier 2 - High,"https://www.soundtransit.org/help-contacts; https://www.soundtransit.org/system-expansion; https://www.constructiondive.com/news/seattle-sound-transit-new-st3-plan-funding-gap/821747/"
