company_name,category,hq_address,hq_city,hq_state,hq_zip,country,main_phone,email,website,annual_revenue_usd,fleet_size,electric_equipment_status,sustainability_targets,energy_broker_priority,key_regions,source_urls
"Waste Management Inc (WM)",Waste Management / Environmental Services,"800 Capitol St Ste 3000",Houston,TX,77002,USA,(713) 512-6200,wmcares@wm.com,wm.com,"$25.2B (FY2025)","18000+ collection vehicles; 12000+ CNG trucks; largest heavy-duty natural gas fleet in North America","$200M investment in automated fleet upgrades; piloting electric collection vehicles; CNG-dominant fleet transitioning; exploring battery-electric trucks","42% absolute Scope 1 and 2 GHG reduction by 2031 (2021 base year; SBTi approved); 4x emissions offset/avoid by 2038; 60% increase in materials recovery to 25M tons/yr by 2030; completed 7 RNG facilities and 9 recycling automation projects in 2025",Tier 1 - High Priority,"All 50 US states; Canada; extensive landfill and collection network nationwide","https://www.wm.com; https://sustainability.wm.com/downloads/WM_2025_Sustainability_Report.pdf; https://www.wastetodaymagazine.com/news/wm-reports-revenue-earnings-growth-in-q4-and-full-year-2025/"
"Republic Services Inc",Waste Management / Environmental Services,"5353 E City North Dr",Phoenix,AZ,85054,USA,(480) 285-6018,via republicservices.com/contact-us,republicservices.com,"$16.6B (FY2025); 2026 guidance $17.05-17.15B","16000+ collection vehicles; 180+ electric collection vehicles deployed; 32 EV charging facilities operational","Industry leader in EV deployment: 180+ electric collection vehicles and 32 charging facilities at year-end 2025; adding 150 EVs in 2026; RNG projects targeting $100M revenue by decade-end","15% operational GHG reduction achieved (2017 baseline; ahead of 10% by 2025 target); Paris Agreement-aligned GHG reduction targets; expanding RNG infrastructure",Tier 1 - High Priority,"41 US states; Puerto Rico; second-largest US waste and recycling company","https://www.republicservices.com; https://www.prnewswire.com/news-releases/republic-services-inc-reports-fourth-quarter-and-full-year-2025-results-provides-2026-full-year-financial-guidance-302689912.html"
"GFL Environmental Inc",Waste Management / Environmental Services,"100 New Park Place Ste 500",Vaughan,ON,L4K0H9,Canada,(866) 417-2797,info@gflenv.com,gflenv.com,"$6.6B (FY2025); 2026 guidance $7.3-7.3B","10000+ solid and liquid waste trucks; 15000+ employees","30-40 battery electric vehicles (BEVs) deployed by end of 2025 in Gainesville FL; 50-70% of near-term truck replacements planned as CNG; first electric truck deployed in Squamish BC","30% absolute Scope 1 and 2 emissions reduction by 2030 (2021 base year); 40% increase in recyclables recovered at MRFs by 2030; double beneficial use of biogas by 2030",Tier 1 - High Priority,"Canada-wide; US operations across multiple states; fourth-largest waste company in North America","https://gflenv.com; https://gflenv.com/about-us/sustainability/; https://investors.gflenv.com/English/news/news-details/2026/GFL-Environmental-Reports-Fourth-Quarter-and-Full-Year-2025-Results-Provides-Full-Year-2026-Guidance/default.aspx"
"Waste Connections Inc",Waste Management / Environmental Services,"3 Waterway Square Place Ste 110","The Woodlands (Spring)",TX,77380,USA,(832) 442-2200,via wasteconnections.com,wasteconnections.com,"$9.47B (FY2025); 2026 guidance $9.9-9.95B","9000+ collection vehicles (2020 baseline; expanding via acquisitions)","Testing electric collection vehicles in NYC commercial franchise; additional EV units on order; investing in RNG facilities and MRFs","15% Scope 1 and 2 emissions reduction target; achieved 19% reduction from 2019 baseline and 35% intensity reduction; 50% increase in resources recovered; 40% increase in biogas recovery",Tier 1 - High Priority,"44 US states; 6 Canadian provinces; third-largest US waste company","https://www.wasteconnections.com; https://sustainability.wasteconnections.com/; https://investors.wasteconnections.com/news/news-details/2026/Waste-Connections-Reports-Fourth-Quarter-2025-Results-and-Provides-2026-Outlook/default.aspx"
"Clean Harbors Inc",Waste Management / Environmental Services,"42 Longwater Drive",Norwell,MA,02061,USA,(781) 792-5000,via cleanharbors.com,cleanharbors.com,"$6.03B (FY2025; record year)","15000+ vehicles; one of 20 largest private motor carrier fleets in North America; $50M fleet expansion investment","Asset Refurbishment Program rebuilds vehicles to like-new quality; refurbished trucks average 20% better fuel economy; exploring alternative fuel technologies","3.5M+ metric tons GHG avoidance in 2023; sustainability embedded since 1980 founding; 226M gallons waste oil collected; 3.5B lbs materials recovered; 16M gallons solvent recycled annually",Tier 1 - High Priority,"US and Canada; hazardous waste; environmental services; industrial services; oil re-refining","https://www.cleanharbors.com; https://ir.cleanharbors.com/news-releases/news-release-details/clean-harbors-achieves-more-35-million-metric-tons-greenhouse; https://www.nasdaq.com/press-release/clean-harbors-announces-fourth-quarter-and-full-year-2025-financial-results-2026-02"
"Casella Waste Systems Inc",Waste Management / Environmental Services,"25 Greens Hill Lane",Rutland,VT,05701,USA,(802) 689-5264,onlineservicerequest@casella.com,casella.com,"$1.84B (FY2025)","2500+ vehicles (est.); 5600 employees; 31 collection operations; 12 disposal facilities; 7 recycling facilities; 29 transfer stations","Exploring alternative fuel and fleet efficiency technologies; routing optimization for fuel reduction","Focus on recycling and resource management; emission reduction through operational efficiency; organic waste diversion programs; 2026 outlook positive with sustained pricing and cost savings",Tier 2 - Medium Priority,"Northeastern US: Vermont; New York; New Hampshire; Maine; Massachusetts; Pennsylvania","https://www.casella.com; https://wasteadvantagemag.com/casella-waste-systems-enhances-fleet-operations-and-sustainability/; https://www.stocktitan.net/sec-filings/CWST/10-k-casella-waste-systems-inc-files-annual-report-bbd367d491cf.html"
"Stericycle Inc (WM subsidiary)",Waste Management / Environmental Services,"2355 Waukegan Road",Bannockburn,IL,60015,USA,(847) 367-5910,via stericycle.com,stericycle.com,"$2.62B (TTM pre-acquisition)","700+ hazardous waste vehicles; 210+ Shred-it mobile collection vehicles; specialized medical waste fleet","Net zero Scope 1 and 2 in UK by 2045 and globally by 2050; drove 2.3M fewer miles via routing efficiencies; 3438 MT CO2e reduction in H1 2023","Net zero emissions globally by 2050 (UK by 2045); partnered with Arbor Day Foundation planting 120000+ trees; acquired by WM November 2024 - now integrated into WM sustainability framework",Tier 2 - Medium Priority,"US nationwide; Canada; UK; specialized medical and hazardous waste; acquired by WM Nov 2024","https://www.stericycle.com; https://investors.wm.com/news-releases/news-release-details/wm-completes-acquisition-stericycle; https://www.stericycle.com/en-us/about-us/social-responsibility/environmental-sustainability"
"Reworld (formerly Covanta)",Waste Management / Environmental Services,"100 Park Ave",Florham Park,NJ,07932,USA,(800) 950-8749,via reworldwaste.com/contact-us,reworldwaste.com,"$2.1B (est.; private company since EQT acquisition)","90+ waste-to-energy and environmental services facilities; 4500 employees; specialized waste-to-energy fleet","Waste-to-energy operations generate electricity from waste incineration; limited traditional fleet EV data; facility-based energy generation model","25% increase in waste recycled or reused (EQT sustainability metric); expanded from 50 to 90 facilities; rebranded from Covanta to Reworld April 2024; HQ moved to Florham Park Aug 2025",Tier 2 - Medium Priority,"US nationwide; UK; Europe; waste-to-energy; industrial waste management; metals recovery","https://www.reworldwaste.com; https://investors.reworldwaste.com/2025-08-07-Reworld-TM-Headquarters-Moves-to-Florham-Park,-NJ; https://en.wikipedia.org/wiki/Reworld"
"Vulcan Materials Company",Quarry / Aggregate Operator,"1200 Urban Center Drive",Birmingham,AL,35242,USA,(205) 298-3000,adamsm@vmcmail.com,vulcanmaterials.com,"$7.94B (FY2025)","400+ quarry and production facilities; Panamax-class self-unloading ships; extensive truck and rail fleet; 10961 employees","12% of product mix is low-carbon/recycled aggregates by late 2025; exploring sustainable materials and production methods; industry-leading environmental compliance","99% citation-free federal and state environmental inspections in 2025; largest US aggregates producer; sustainable materials including recycled aggregates and low-carbon concrete",Tier 1 - High Priority,"21 US states; Bahamas; Mexico; largest US construction aggregates producer","https://www.vulcanmaterials.com; https://www.stocktitan.net/sec-filings/VMC/10-k-vulcan-materials-co-files-annual-report-b7229fe038c6.html"
"Martin Marietta Materials Inc",Quarry / Aggregate Operator,"4123 Parklake Ave",Raleigh,NC,27612,USA,(919) 781-4550,via martinmarietta.com/contact-us,martinmarietta.com,"$6.2B (FY2025)","Operations across 28 states plus Canada and Bahamas; extensive quarry heavy equipment fleet; ~20M tons annual aggregates production from new acquisitions","Divesting Texas cement operations to eliminate ~50% of 2023 Scope 1 footprint; investing in alternative fuels and process efficiency at cement plants","63% absolute Scope 1 and 2 emissions reduction by 2035 (SBTi validated); 30% Scope 1 CO2e reduction in cement/magnesia by 2030 (2010 base); net zero emissions by 2050",Tier 1 - High Priority,"28 US states; Canada; Bahamas; second-largest US aggregates producer","https://www.martinmarietta.com; https://ir.martinmarietta.com/news-releases/news-release-details/martin-marietta-reports-fourth-quarter-and-full-year-2025; https://www.martinmarietta.com/sustainability"
"CRH Americas (Oldcastle)",Quarry / Aggregate Operator,"900 Ashwood Pkwy Ste 600",Atlanta,GA,30338,USA,(770) 804-3363,via crhamericas.com/contact-us,crhamericas.com,"$20B (Americas est.; CRH total $35.6B FY2024)","2127 locations across Americas; 49828 employees in Americas; extensive quarry and production equipment fleet","30% absolute carbon emissions reduction by 2030 (2021 base; SBTi 1.5C validated); 8% YoY reduction achieved in 2023; investing in low-carbon products","SBTi validated 1.5C targets; 30% absolute carbon reduction by 2030; 8% year-on-year emissions reduction achieved; global sustainability leadership in building materials",Tier 1 - High Priority,"48 US states; 7 Canadian provinces; largest building materials company globally","https://www.crhamericas.com; https://www.crh.com/wp-content/uploads/2026/03/2025-Annual-Report.pdf"
"Heidelberg Materials North America (Lehigh Hanson)",Quarry / Aggregate Operator,"300 E John Carpenter Fwy",Irving,TX,75062,USA,(972) 653-5500,via heidelbergmaterials.us/contact,heidelbergmaterials.us,"$5B (NA est.; Heidelberg global EUR 21.5B FY2025)","450+ locations in North America; 9000 employees; extensive quarry and cement production equipment","First CCS facility operational in Norway (group level); low-clinker cements; alternative fuels; net CO2 emissions fell 3% to 512 kg/t cementitious in 2025; 37.2% sustainable product revenue","Net zero emissions by 2050; CO2 per ton cementitious reduced to 512 kg/t (3% YoY improvement); sustainable product revenue share 37.2%; carbon capture and storage (CCS) pioneer",Tier 1 - High Priority,"US and Canada; cement; aggregates; ready-mixed concrete; asphalt","https://www.heidelbergmaterials.us; https://www.heidelbergmaterials.com/en/pr-2026-02-25; https://www.heidelbergmaterials.com/en/sustainability"
"Summit Materials Inc",Quarry / Aggregate Operator,"1550 Wynkoop 3rd Floor",Denver,CO,80202,USA,(303) 893-0012,info@summit-materials.com,summit-materials.com,"$3.75B (TTM Nov 2025)","Quarries; sand/gravel pits; cement terminals; readymix plants; asphalt plants; paving services; landfill operations across multiple states","Partnering with AWS to scale eco-friendly concrete solutions; expanding facilities for environmental performance; investing in decarbonization","Decarbonization investment program; sustainable production methods; expanding eco-friendly concrete; acquired by Quikrete Holdings in 2025 for $11.5B",Tier 2 - Medium Priority,"Central and Western US; fourth-largest US cement platform with 11.6M ton/yr capacity","https://summit-materials.com; https://summit-materials.com/contact-us/; https://www.cemnet.com/News/story/178190/summit-materials-acquired-by-quikrete-holdings-in-us-11-5bn-deal.html"
"Knife River Corporation",Quarry / Aggregate Operator,"1150 West Century Ave",Bismarck,ND,58503,USA,(701) 530-1400,via kniferiver.com,kniferiver.com,"$2.8B (FY2025 est.; TTM $3.2B as of Mar 2026)","113 locations; 5700+ employees; aggregates production; asphalt; ready-mix; construction services fleet","Began tracking Scope 1 and 2 emissions in 2022; establishing corporatewide baseline; developing carbon intensity reduction goals","Tracking emissions since 2022; developing future carbon intensity reduction goals; sustainability as core value; spun off from MDU Resources June 2023",Tier 2 - Medium Priority,"Western US (14 states); aggregates; asphalt; ready-mix concrete; construction services","https://www.kniferiver.com; https://www.kniferiver.com/sustainability/; https://www.kniferiver.com/wp-content/uploads/2025/03/Knife_River_Sustainability_Report_2024-1.pdf"
"Eagle Materials Inc",Quarry / Aggregate Operator,"5960 Berkshire Lane Ste 900",Dallas,TX,75225,USA,(214) 432-2000,via eaglematerials.com/contact,eaglematerials.com,"$2.3B (FY2026 record)","70+ manufacturing facilities across 21 states; cement; gypsum wallboard; recycled paperboard; concrete/aggregates","Limited electrification data; quarry reclamation and restoration efforts; focus on operational efficiency and environmental compliance","Minimizing environmental footprint per sustainability report; quarry reclamation to natural prairie and wetlands; strategies to maximize societal benefits while reducing impact",Tier 3 - Lower Priority,"21 US states; cement; gypsum wallboard; recycled paperboard; concrete and aggregates","https://www.eaglematerials.com; https://www.eaglematerials.com/about-us/sustainabillty.html; https://www.eaglematerials.com/sustainability"
"US Silica Holdings Inc",Quarry / Aggregate Operator,"24275 Katy Freeway Ste 600",Katy,TX,77494,USA,(800) 243-7500,customerservice@ussilica.com,ussilica.com,"$1.34B (TTM 2025)","Multiple mine and processing sites; industrial and energy sand operations; 1500+ employees","Decreasing GHG emissions across operations and fleet is top priority; piloting fuel and electricity reduction programs; conservation efforts","Reducing fuel electricity and water usage at plants; piloting conservation programs; community initiatives; total 2022 emissions 633664 MT CO2e (Scope 1: 462073; Scope 2: 171591)",Tier 3 - Lower Priority,"Eastern and Central US; industrial minerals; oil and gas frac sand; specialty minerals","https://www.ussilica.com; https://ussilica.gcs-web.com/esg; https://ditchcarbon.com/organizations/us-silica-holdings"
"Covia Holdings LLC",Quarry / Aggregate Operator,"3 Summit Park Dr Ste 700",Independence,OH,44131,USA,(440) 214-3200,via coviacorp.com/contact,coviacorp.com,"$1.08B (TTM 2025)","Multiple mining and processing sites; 1685 employees; silica sand nepheline syenite feldspar clay kaolin operations","Limited electrification data; ESG programs in place; emerged from Chapter 11 in Dec 2020 with restructured operations","ESG reporting in progress; focus on operational efficiency; acquired R.W. Sidley silica sand operation May 2024; reduced long-term debt by $750M through restructuring",Tier 3 - Lower Priority,"US and Canada; industrial minerals (silica sand; nepheline syenite; feldspar; clay; kaolin); oil and gas proppants","https://www.coviacorp.com; https://www.coviacorp.com/contact/; https://www.zoominfo.com/c/covia-holdings-llc/451251748"
